ISIN/Cusip,Fund Name,Fund Number,Transaction Type,Purchases,Sales,Holdings,Price per share,Trade Date,Currency,Entity,Comments
US5007541064,Fund 3,Fund 3,Beginning Holdings,,,38000,,11-5-2015,USD,Client 1-1,
US5007541064,Fund 3,Fund 3,Sale,,2000,,70.17,1-19-2016,USD,Client 1-1,
US5007541064,Fund 3,Fund 3,Purchase,1000,,,76.290000000000006,3-8-2016,USD,Client 1-1,
US5007541064,Fund 3,Fund 3,Purchase,1500,,,77.400000000000006,4-13-2016,USD,Client 1-1,
US5007541064,Fund 3,Fund 3,Sale,,1500,,90.375399999999999,8-11-2016,USD,Client 1-1,
US5007541064,Fund 3,Fund 3,Purchase,1000,,,87.299400000000006,2-16-2017,USD,Client 1-1,
US5007541064,Fund 3,Fund 3,Sale,,8000,,89.33,5-10-2017,USD,Client 1-1,
US5007541064,Fund 3,Fund 3,Sale,,7500,,89.472300000000004,6-20-2017,USD,Client 1-1,
US5007541064,Fund 3,Fund 3,Sale,,7000,,89.31,6-21-2017,USD,Client 1-1,
US5007541064,Fund 3,Fund 3,Sale,,7100,,88.94,6-26-2017,USD,Client 1-1,
US5007541064,Fund 3,Fund 3,Purchase,2000,,,80.988,11-29-2017,USD,Client 1-1,
US5007541064,Fund 3,Fund 3,Sale,,2400,,67.596100000000007,3-6-2018,USD,Client 1-1,
US5007541064,Fund 3,Fund 3,Sale,,1600,,56.546500000000002,5-22-2018,USD,Client 1-1,
US5007541064,Fund 3,Fund 3,Sale,,1500,,59.65,8-10-2018,USD,Client 1-1,
US5007541064,Fund 3,Fund 3,Sale,,4900,,43.346200000000003,1-2-2019,USD,Client 1-1,
US5007541064,Fund 3,Fund 3,End Holdings,,,0,,11-5-2019,USD,Client 1-1,
US5007541064,Fund 4,Fund 4,Beginning Holdings,,,0,,11-5-2015,USD,Client 1-1,
US5007541064,Fund 4,Fund 4,Purchase,25000,,,30.729199999999999,7-10-2019,USD,Client 1-1,
US5007541064,Fund 4,Fund 4,Purchase,25000,,,32.701500000000003,8-1-2019,USD,Client 1-1,
US5007541064,Fund 4,Fund 4,Sale,,50000,,27.953499999999998,8-8-2019,USD,Client 1-1,
US5007541064,Fund 4,Fund 4,End Holdings,,,0,,11-5-2019,USD,Client 1-1,
US5007541064,Fund 7,Fund 7,Beginning Holdings,,,0,,11-5-2015,USD,Client 1-2,
US5007541064,Fund 7,Fund 7,Purchase,2900,,,35.049199999999999,2-22-2019,USD,Client 1-2,
US5007541064,Fund 7,Fund 7,Purchase,3400,,,35.049199999999999,2-22-2019,USD,Client 1-2,
US5007541064,Fund 7,Fund 7,Sale,,6300,,32.025700000000001,5-2-2019,USD,Client 1-2,
US5007541064,Fund 7,Fund 7,End Holdings,,,0,,11-5-2019,USD,Client 1-2,
US5007541064,Fund 8,Fund 8,Beginning Holdings,,,58300,,11-5-2015,USD,Client 1-2,
US5007541064,Fund 8,Fund 8,Sale,,11000,,69.585899999999995,1-20-2016,USD,Client 1-2,
US5007541064,Fund 8,Fund 8,Sale,,20000,,58.691899999999997,5-16-2018,USD,Client 1-2,
US5007541064,Fund 8,Fund 8,Sale,,27300,,31.890799999999999,3-12-2019,USD,Client 1-2,
US5007541064,Fund 8,Fund 8,End Holdings,,,0,,11-5-2019,USD,Client 1-2,
US5007541064,Fund 9,Fund 9,Beginning Holdings,,,58300,,11-5-2015,USD,Client 1-2,
US5007541064,Fund 9,Fund 9,End Holdings,,,58300,,11-5-2019,USD,Client 1-2,
US5007541064,Fund 11,Fund 11,Beginning Holdings,,,5700,,11-5-2015,USD,Client 1-2,
US5007541064,Fund 11,Fund 11,Purchase,4854,,,70.766999999999996,12-10-2015,USD,Client 1-2,
US5007541064,Fund 11,Fund 11,Sale,,554,,72.952100000000002,1-5-2016,USD,Client 1-2,
US5007541064,Fund 11,Fund 11,Sale,,250,,76.813999999999993,1-29-2016,USD,Client 1-2,
US5007541064,Fund 11,Fund 11,Sale,,631,,77.598399999999998,3-1-2016,USD,Client 1-2,
US5007541064,Fund 11,Fund 11,Sale,,210,,78.334299999999999,3-31-2016,USD,Client 1-2,
US5007541064,Fund 11,Fund 11,Sale,,9,,78.069999999999993,5-2-2016,USD,Client 1-2,
US5007541064,Fund 11,Fund 11,Sale,,400,,83.09,6-1-2016,USD,Client 1-2,
US5007541064,Fund 11,Fund 11,Sale,,410,,88.58,7-1-2016,USD,Client 1-2,
US5007541064,Fund 11,Fund 11,Purchase,900,,,85.913300000000007,7-27-2016,USD,Client 1-2,
US5007541064,Fund 11,Fund 11,Sale,,1840,,89.57,9-1-2016,USD,Client 1-2,
US5007541064,Fund 11,Fund 11,Sale,,550,,89.29,10-4-2016,USD,Client 1-2,
US5007541064,Fund 11,Fund 11,Purchase,20,,,89,11-1-2016,USD,Client 1-2,
US5007541064,Fund 11,Fund 11,Sale,,280,,81.510000000000005,12-1-2016,USD,Client 1-2,
US5007541064,Fund 11,Fund 11,Sale,,170,,86.45,12-22-2016,USD,Client 1-2,
US5007541064,Fund 11,Fund 11,Sale,,10,,88.89,2-1-2017,USD,Client 1-2,
US5007541064,Fund 11,Fund 11,Sale,,120,,91.47,3-1-2017,USD,Client 1-2,
US5007541064,Fund 11,Fund 11,Purchase,190,,,90.8,4-3-2017,USD,Client 1-2,
US5007541064,Fund 11,Fund 11,Sale,,230,,90.65,5-1-2017,USD,Client 1-2,
US5007541064,Fund 11,Fund 11,Sale,,6000,,89.34,5-12-2017,USD,Client 1-2,
US5007541064,Fund 11,Fund 11,End Holdings,,,0,,11-5-2019,USD,Client 1-2,
US5007541064,Fund 13,Fund 13,Beginning Holdings,,,0,,11-5-2015,USD,Client 1-2,
US5007541064,Fund 13,Fund 13,End Holdings,,,0,,11-5-2019,USD,Client 1-2,
US5007541064,Fund 14,Fund 14,Beginning Holdings,,,0,,11-5-2015,USD,Client 1-2,
US5007541064,Fund 14,Fund 14,End Holdings,,,0,,11-5-2019,USD,Client 1-2,
US5007541064,Fund 15,Fund 15,Beginning Holdings,,,0,,11-5-2015,USD,Client 1-2,
US5007541064,Fund 15,Fund 15,Purchase,3000,,,59.307699999999997,6-11-2018,USD,Client 1-2,
US5007541064,Fund 15,Fund 15,Purchase,1000,,,63.231000000000002,7-5-2018,USD,Client 1-2,
US5007541064,Fund 15,Fund 15,Sale,,4000,,62.878100000000003,7-16-2018,USD,Client 1-2,
US5007541064,Fund 15,Fund 15,Purchase,3000,,,60.656999999999996,8-17-2018,USD,Client 1-2,
US5007541064,Fund 15,Fund 15,Sale,,3000,,52.830800000000004,11-14-2018,USD,Client 1-2,
US5007541064,Fund 15,Fund 15,End Holdings,,,0,,11-5-2019,USD,Client 1-2,
US5007541064,Fund 16,Fund 16,Beginning Holdings,,,0,,11-5-2015,USD,Client 1-2,
US5007541064,Fund 16,Fund 16,Purchase,5200,,,47.7806,1-31-2019,USD,Client 1-2,
US5007541064,Fund 16,Fund 16,Purchase,3000,,,30.1,6-13-2019,USD,Client 1-2,
US5007541064,Fund 16,Fund 16,Purchase,2300,,,31.33,7-1-2019,USD,Client 1-2,
US5007541064,Fund 16,Fund 16,Purchase,1150,,,31.456499999999998,7-11-2019,USD,Client 1-2,
US5007541064,Fund 16,Fund 16,Purchase,4300,,,31.918500000000002,7-25-2019,USD,Client 1-2,
US5007541064,Fund 16,Fund 16,Purchase,6750,,,32.9602,8-1-2019,USD,Client 1-2,
US5007541064,Fund 16,Fund 16,End Holdings,,,22700,,11-5-2019,USD,Client 1-2,
US5007541064,Fund 17,Fund 17,Beginning Holdings,,,0,,11-5-2015,USD,Client 1-2,
US5007541064,Fund 17,Fund 17,Purchase,1439,,,86.4816,8-1-2016,USD,Client 1-2,
US5007541064,Fund 17,Fund 17,Purchase,119,,,92.2,5-31-2017,USD,Client 1-2,
US5007541064,Fund 17,Fund 17,Purchase,586,,,81.37,11-30-2017,USD,Client 1-2,
US5007541064,Fund 17,Fund 17,Purchase,509,,,57.48,5-31-2018,USD,Client 1-2,
US5007541064,Fund 17,Fund 17,Sale,,2653,,51.12,11-30-2018,USD,Client 1-2,
US5007541064,Fund 17,Fund 17,End Holdings,,,0,,11-5-2019,USD,Client 1-2,
US5007541064,Fund 20,Fund 20,Beginning Holdings,,,0,,11-5-2015,USD,Client 1-2,
US5007541064,Fund 20,Fund 20,Purchase,3700,,,91.59,6-13-2017,USD,Client 1-2,
US5007541064,Fund 20,Fund 20,Purchase,400,,,89.394999999999996,6-22-2017,USD,Client 1-2,
US5007541064,Fund 20,Fund 20,Sale,,400,,81.37,11-30-2017,USD,Client 1-2,
US5007541064,Fund 20,Fund 20,Purchase,800,,,54.65,10-26-2018,USD,Client 1-2,
US5007541064,Fund 20,Fund 20,Sale,,1000,,51.12,11-30-2018,USD,Client 1-2,
US5007541064,Fund 20,Fund 20,End Holdings,,,3500,,11-5-2019,USD,Client 1-2,
US5007541064,Fund 21,Fund 21,Beginning Holdings,,,1707,,11-5-2015,USD,Client 1-2,
US5007541064,Fund 21,Fund 21,Purchase,31,,,73.790000000000006,11-30-2015,USD,Client 1-2,
US5007541064,Fund 21,Fund 21,Purchase,204,,,72.41,1-4-2016,USD,Client 1-2,
US5007541064,Fund 21,Fund 21,Purchase,7,,,77.739999999999995,2-29-2016,USD,Client 1-2,
US5007541064,Fund 21,Fund 21,Sale,,256,,77.710000000000008,3-29-2016,USD,Client 1-2,
US5007541064,Fund 21,Fund 21,Purchase,6,,,83.03,5-31-2016,USD,Client 1-2,
US5007541064,Fund 21,Fund 21,Purchase,4,,,89.26,8-31-2016,USD,Client 1-2,
US5007541064,Fund 21,Fund 21,Purchase,4,,,82.82,11-30-2016,USD,Client 1-2,
US5007541064,Fund 21,Fund 21,Purchase,10,,,91.11,2-28-2017,USD,Client 1-2,
US5007541064,Fund 21,Fund 21,Sale,,234,,86.834999999999994,8-15-2017,USD,Client 1-2,
US5007541064,Fund 21,Fund 21,Purchase,4,,,80.850000000000009,8-31-2017,USD,Client 1-2,
US5007541064,Fund 21,Fund 21,Sale,,130,,72.48,2-8-2018,USD,Client 1-2,
US5007541064,Fund 21,Fund 21,Purchase,5,,,67.72,2-28-2018,USD,Client 1-2,
US5007541064,Fund 21,Fund 21,Sale,,1,,57.48,5-31-2018,USD,Client 1-2,
US5007541064,Fund 21,Fund 21,Purchase,8,,,58.27,8-31-2018,USD,Client 1-2,
US5007541064,Fund 21,Fund 21,Purchase,3,,,51.12,11-30-2018,USD,Client 1-2,
US5007541064,Fund 21,Fund 21,Purchase,10,,,33.1916595,2-28-2019,USD,Client 1-2,
US5007541064,Fund 21,Fund 21,Purchase,142,,,29.06,5-28-2019,USD,Client 1-2,
US5007541064,Fund 21,Fund 21,Purchase,148,,,25.62,8-22-2019,USD,Client 1-2,
US5007541064,Fund 21,Fund 21,Purchase,4,,,25,8-27-2019,USD,Client 1-2,
US5007541064,Fund 21,Fund 21,Sale,,118,,28.08,9-9-2019,USD,Client 1-2,
US5007541064,Fund 21,Fund 21,End Holdings,,,1558,,11-5-2019,USD,Client 1-2,
US5007541064,Fund 22,Fund 22,Beginning Holdings,,,7845,,11-5-2015,USD,Client 1-2,
US5007541064,Fund 22,Fund 22,Purchase,142,,,73.790000000000006,11-30-2015,USD,Client 1-2,
US5007541064,Fund 22,Fund 22,Purchase,32,,,77.739999999999995,2-29-2016,USD,Client 1-2,
US5007541064,Fund 22,Fund 22,Purchase,840,,,75.790000000000006,3-10-2016,USD,Client 1-2,
US5007541064,Fund 22,Fund 22,Purchase,63,,,78.39,4-11-2016,USD,Client 1-2,
US5007541064,Fund 22,Fund 22,Purchase,63,,,77.12,4-21-2016,USD,Client 1-2,
US5007541064,Fund 22,Fund 22,Purchase,126,,,85.27,5-10-2016,USD,Client 1-2,
US5007541064,Fund 22,Fund 22,Purchase,17,,,83.03,5-31-2016,USD,Client 1-2,
US5007541064,Fund 22,Fund 22,Purchase,158,,,84.85,6-8-2016,USD,Client 1-2,
US5007541064,Fund 22,Fund 22,Purchase,159,,,83.24,6-27-2016,USD,Client 1-2,
US5007541064,Fund 22,Fund 22,Purchase,158,,,88.01,7-25-2016,USD,Client 1-2,
US5007541064,Fund 22,Fund 22,Purchase,158,,,88.29,8-29-2016,USD,Client 1-2,
US5007541064,Fund 22,Fund 22,Purchase,59,,,89.26,8-31-2016,USD,Client 1-2,
US5007541064,Fund 22,Fund 22,Purchase,192,,,88.53,10-10-2016,USD,Client 1-2,
US5007541064,Fund 22,Fund 22,Purchase,256,,,85.92,11-7-2016,USD,Client 1-2,
US5007541064,Fund 22,Fund 22,Purchase,321,,,80.5,11-11-2016,USD,Client 1-2,
US5007541064,Fund 22,Fund 22,Purchase,1537,,,80.5,11-11-2016,USD,Client 1-2,
US5007541064,Fund 22,Fund 22,Sale,,5,,82.82,11-30-2016,USD,Client 1-2,
US5007541064,Fund 22,Fund 22,Purchase,4223,,,80.87,12-5-2016,USD,Client 1-2,
US5007541064,Fund 22,Fund 22,Purchase,192,,,85.1,12-13-2016,USD,Client 1-2,
US5007541064,Fund 22,Fund 22,Purchase,128,,,87.01,1-3-2017,USD,Client 1-2,
US5007541064,Fund 22,Fund 22,Purchase,128,,,87.26,1-5-2017,USD,Client 1-2,
US5007541064,Fund 22,Fund 22,Purchase,160,,,88.38,1-18-2017,USD,Client 1-2,
US5007541064,Fund 22,Fund 22,Purchase,73,,,91.11,2-28-2017,USD,Client 1-2,
US5007541064,Fund 22,Fund 22,Sale,,274,,91.22,3-2-2017,USD,Client 1-2,
US5007541064,Fund 22,Fund 22,Purchase,258,,,93.1,3-16-2017,USD,Client 1-2,
US5007541064,Fund 22,Fund 22,Purchase,129,,,92.86,3-20-2017,USD,Client 1-2,
US5007541064,Fund 22,Fund 22,Purchase,96,,,92.36,3-22-2017,USD,Client 1-2,
US5007541064,Fund 22,Fund 22,Purchase,322,,,91.35,3-28-2017,USD,Client 1-2,
US5007541064,Fund 22,Fund 22,Sale,,4508,,91.02,4-3-2017,USD,Client 1-2,
US5007541064,Fund 22,Fund 22,Sale,,2576,,91.19,4-6-2017,USD,Client 1-2,
US5007541064,Fund 22,Fund 22,Purchase,451,,,90.63,4-11-2017,USD,Client 1-2,
US5007541064,Fund 22,Fund 22,Sale,,49,,92.36,5-31-2017,USD,Client 1-2,
US5007541064,Fund 22,Fund 22,Purchase,580,,,89.05,6-16-2017,USD,Client 1-2,
US5007541064,Fund 22,Fund 22,Purchase,1831,,,88.13,6-27-2017,USD,Client 1-2,
US5007541064,Fund 22,Fund 22,Purchase,321,,,86.19,6-29-2017,USD,Client 1-2,
US5007541064,Fund 22,Fund 22,Sale,,1801,,83.31,7-11-2017,USD,Client 1-2,
US5007541064,Fund 22,Fund 22,Purchase,26,,,80.850000000000009,8-31-2017,USD,Client 1-2,
US5007541064,Fund 22,Fund 22,Sale,,226,,81.96,9-8-2017,USD,Client 1-2,
US5007541064,Fund 22,Fund 22,Sale,,259,,78.58,10-6-2017,USD,Client 1-2,
US5007541064,Fund 22,Fund 22,Sale,,324,,77.28,11-1-2017,USD,Client 1-2,
US5007541064,Fund 22,Fund 22,Purchase,130,,,79.680000000000007,11-8-2017,USD,Client 1-2,
US5007541064,Fund 22,Fund 22,Sale,,1942,,78.83,12-12-2017,USD,Client 1-2,
US5007541064,Fund 22,Fund 22,Purchase,227,,,79.59,12-15-2017,USD,Client 1-2,
US5007541064,Fund 22,Fund 22,Purchase,161,,,79.87,12-18-2017,USD,Client 1-2,
US5007541064,Fund 22,Fund 22,Purchase,162,,,78.5,1-9-2018,USD,Client 1-2,
US5007541064,Fund 22,Fund 22,Purchase,162,,,79.31,1-19-2018,USD,Client 1-2,
US5007541064,Fund 22,Fund 22,Purchase,130,,,77.28,2-2-2018,USD,Client 1-2,
US5007541064,Fund 22,Fund 22,Sale,,195,,72.63,2-6-2018,USD,Client 1-2,
US5007541064,Fund 22,Fund 22,Purchase,162,,,71.78,2-12-2018,USD,Client 1-2,
US5007541064,Fund 22,Fund 22,Purchase,473,,,68.75,2-27-2018,USD,Client 1-2,
US5007541064,Fund 22,Fund 22,Purchase,37,,,67.72,2-28-2018,USD,Client 1-2,
US5007541064,Fund 22,Fund 22,Purchase,130,,,61.59,3-27-2018,USD,Client 1-2,
US5007541064,Fund 22,Fund 22,Sale,,377,,57.09,5-4-2018,USD,Client 1-2,
US5007541064,Fund 22,Fund 22,Purchase,325,,,59.215000000000003,5-7-2018,USD,Client 1-2,
US5007541064,Fund 22,Fund 22,Purchase,162,,,59.02,5-11-2018,USD,Client 1-2,
US5007541064,Fund 22,Fund 22,Sale,,325,,57.4,5-29-2018,USD,Client 1-2,
US5007541064,Fund 22,Fund 22,Sale,,8,,57.48,5-31-2018,USD,Client 1-2,
US5007541064,Fund 22,Fund 22,Purchase,163,,,59.88,6-11-2018,USD,Client 1-2,
US5007541064,Fund 22,Fund 22,Purchase,163,,,60.28,8-8-2018,USD,Client 1-2,
US5007541064,Fund 22,Fund 22,Purchase,1825,,,59.57,8-27-2018,USD,Client 1-2,
US5007541064,Fund 22,Fund 22,Purchase,58,,,58.27,8-31-2018,USD,Client 1-2,
US5007541064,Fund 22,Fund 22,Sale,,295,,52.39,11-5-2018,USD,Client 1-2,
US5007541064,Fund 22,Fund 22,Purchase,164,,,53.31,11-8-2018,USD,Client 1-2,
US5007541064,Fund 22,Fund 22,Sale,,327,,51.89,11-19-2018,USD,Client 1-2,
US5007541064,Fund 22,Fund 22,Purchase,21,,,51.12,11-30-2018,USD,Client 1-2,
US5007541064,Fund 22,Fund 22,Sale,,329,,43.76,12-27-2018,USD,Client 1-2,
US5007541064,Fund 22,Fund 22,Purchase,349,,,45.33,1-7-2019,USD,Client 1-2,
US5007541064,Fund 22,Fund 22,Purchase,339,,,45.6,1-10-2019,USD,Client 1-2,
US5007541064,Fund 22,Fund 22,Purchase,988,,,47.08,1-17-2019,USD,Client 1-2,
US5007541064,Fund 22,Fund 22,Sale,,1185,,47.23,2-7-2019,USD,Client 1-2,
US5007541064,Fund 22,Fund 22,Purchase,68,,,33.1916595,2-28-2019,USD,Client 1-2,
US5007541064,Fund 22,Fund 22,Sale,,662,,32.1,3-8-2019,USD,Client 1-2,
US5007541064,Fund 22,Fund 22,Purchase,729,,,32.020000000000003,3-20-2019,USD,Client 1-2,
US5007541064,Fund 22,Fund 22,Sale,,332,,32.08,4-2-2019,USD,Client 1-2,
US5007541064,Fund 22,Fund 22,Sale,,894,,32.980000000000004,4-10-2019,USD,Client 1-2,
US5007541064,Fund 22,Fund 22,Sale,,321,,33.14,4-15-2019,USD,Client 1-2,
US5007541064,Fund 22,Fund 22,Purchase,1073,,,29.06,5-28-2019,USD,Client 1-2,
US5007541064,Fund 22,Fund 22,Purchase,181,,,28.62,6-6-2019,USD,Client 1-2,
US5007541064,Fund 22,Fund 22,Purchase,364,,,30.77,6-27-2019,USD,Client 1-2,
US5007541064,Fund 22,Fund 22,Purchase,726,,,30.99,7-5-2019,USD,Client 1-2,
US5007541064,Fund 22,Fund 22,Sale,,273,,31.54,7-19-2019,USD,Client 1-2,
US5007541064,Fund 22,Fund 22,Purchase,1201,,,32.53,8-1-2019,USD,Client 1-2,
US5007541064,Fund 22,Fund 22,Purchase,1522,,,32.21,8-2-2019,USD,Client 1-2,
US5007541064,Fund 22,Fund 22,Purchase,363,,,31.44,8-5-2019,USD,Client 1-2,
US5007541064,Fund 22,Fund 22,Sale,,983,,25.14,8-20-2019,USD,Client 1-2,
US5007541064,Fund 22,Fund 22,Purchase,42,,,25,8-27-2019,USD,Client 1-2,
US5007541064,Fund 22,Fund 22,Purchase,255,,,25.17,8-28-2019,USD,Client 1-2,
US5007541064,Fund 22,Fund 22,Sale,,1461,,26.59,9-5-2019,USD,Client 1-2,
US5007541064,Fund 22,Fund 22,Purchase,1096,,,26.73,10-9-2019,USD,Client 1-2,
US5007541064,Fund 22,Fund 22,Purchase,182,,,28.37,10-28-2019,USD,Client 1-2,
US5007541064,Fund 22,Fund 22,Purchase,183,,,32.910000000000004,11-5-2019,USD,Client 1-2,
US5007541064,Fund 22,Fund 22,End Holdings,,,15429,,11-5-2019,USD,Client 1-2,
US5007541064,Fund 23,Fund 23,Beginning Holdings,,,0,,11-5-2015,USD,Client 1-2,
US5007541064,Fund 23,Fund 23,Purchase,653,,,56.66,9-4-2018,USD,Client 1-2,
US5007541064,Fund 23,Fund 23,Purchase,247,,,32.08,4-2-2019,USD,Client 1-2,
US5007541064,Fund 23,Fund 23,Purchase,164,,,32.980000000000004,4-10-2019,USD,Client 1-2,
US5007541064,Fund 23,Fund 23,Purchase,107,,,29.06,5-28-2019,USD,Client 1-2,
US5007541064,Fund 23,Fund 23,Purchase,180,,,30.41,6-13-2019,USD,Client 1-2,
US5007541064,Fund 23,Fund 23,Purchase,398,,,30.99,7-5-2019,USD,Client 1-2,
US5007541064,Fund 23,Fund 23,Purchase,181,,,31.95,7-23-2019,USD,Client 1-2,
US5007541064,Fund 23,Fund 23,Purchase,180,,,31.55,7-25-2019,USD,Client 1-2,
US5007541064,Fund 23,Fund 23,Purchase,3,,,25,8-27-2019,USD,Client 1-2,
US5007541064,Fund 23,Fund 23,Purchase,181,,,25,8-27-2019,USD,Client 1-2,
US5007541064,Fund 23,Fund 23,Purchase,181,,,25.52,8-30-2019,USD,Client 1-2,
US5007541064,Fund 23,Fund 23,Purchase,181,,,28.36,9-17-2019,USD,Client 1-2,
US5007541064,Fund 23,Fund 23,Purchase,218,,,27.84,9-27-2019,USD,Client 1-2,
US5007541064,Fund 23,Fund 23,Purchase,181,,,26.71,10-8-2019,USD,Client 1-2,
US5007541064,Fund 23,Fund 23,Purchase,361,,,27.08,10-11-2019,USD,Client 1-2,
US5007541064,Fund 23,Fund 23,Purchase,181,,,27.77,10-17-2019,USD,Client 1-2,
US5007541064,Fund 23,Fund 23,Purchase,181,,,32.910000000000004,11-5-2019,USD,Client 1-2,
US5007541064,Fund 23,Fund 23,End Holdings,,,3778,,11-5-2019,USD,Client 1-2,
US5007541064,Fund 33,Fund 33,Beginning Holdings,,,1800,,11-5-2015,USD,Client 1-2,
US5007541064,Fund 33,Fund 33,Purchase,3000,,,74.17,11-20-2015,USD,Client 1-2,
US5007541064,Fund 33,Fund 33,Sale,,2098,,70.053799999999995,12-11-2015,USD,Client 1-2,
US5007541064,Fund 33,Fund 33,Sale,,402,,84.424899999999994,5-9-2016,USD,Client 1-2,
US5007541064,Fund 33,Fund 33,Sale,,600,,88.444999999999993,8-29-2016,USD,Client 1-2,
US5007541064,Fund 33,Fund 33,Sale,,300,,85.13,12-15-2016,USD,Client 1-2,
US5007541064,Fund 33,Fund 33,Sale,,400,,84.76,7-3-2017,USD,Client 1-2,
US5007541064,Fund 33,Fund 33,Sale,,1000,,58.6,6-11-2018,USD,Client 1-2,
US5007541064,Fund 33,Fund 33,End Holdings,,,0,,11-5-2019,USD,Client 1-2,
US5007541064,Fund 34,Fund 34,Beginning Holdings,,,127650,,11-5-2015,USD,Client 1-2,
US5007541064,Fund 34,Fund 34,Purchase,60000,,,71.692099999999996,11-10-2015,USD,Client 1-2,
US5007541064,Fund 34,Fund 34,Purchase,6200,,,71.181299999999993,11-13-2015,USD,Client 1-2,
US5007541064,Fund 34,Fund 34,Purchase,2100,,,74.459999999999994,12-1-2015,USD,Client 1-2,
US5007541064,Fund 34,Fund 34,Purchase,2350,,,76.337100000000007,3-9-2016,USD,Client 1-2,
US5007541064,Fund 34,Fund 34,Purchase,13200,,,78.173400000000001,4-5-2016,USD,Client 1-2,
US5007541064,Fund 34,Fund 34,Purchase,7200,,,84.118300000000005,6-17-2016,USD,Client 1-2,
US5007541064,Fund 34,Fund 34,Purchase,10700,,,89.298599999999993,8-5-2016,USD,Client 1-2,
US5007541064,Fund 34,Fund 34,Sale,,50000,,88.67,8-24-2016,USD,Client 1-2,
US5007541064,Fund 34,Fund 34,Purchase,8250,,,88.995599999999996,1-30-2017,USD,Client 1-2,
US5007541064,Fund 34,Fund 34,Purchase,12600,,,92.142099999999999,3-20-2017,USD,Client 1-2,
US5007541064,Fund 34,Fund 34,Sale,,200250,,58.3476,6-8-2018,USD,Client 1-2,
US5007541064,Fund 34,Fund 34,End Holdings,,,0,,11-5-2019,USD,Client 1-2,
US5007541064,Fund 35,Fund 35,Beginning Holdings,,,0,,11-5-2015,USD,Client 1-2,
US5007541064,Fund 35,Fund 35,Purchase,530,,,89.337299999999999,8-10-2016,USD,Client 1-2,
US5007541064,Fund 35,Fund 35,Purchase,493,,,81.400000000000006,9-18-2017,USD,Client 1-2,
US5007541064,Fund 35,Fund 35,Sale,,678,,77.349999999999994,1-12-2018,USD,Client 1-2,
US5007541064,Fund 35,Fund 35,Sale,,345,,68.444900000000004,2-21-2018,USD,Client 1-2,
US5007541064,Fund 35,Fund 35,End Holdings,,,0,,11-5-2019,USD,Client 1-2,
US5007541064,Fund 36,Fund 36,Beginning Holdings,,,0,,11-5-2015,USD,Client 1-2,
US5007541064,Fund 36,Fund 36,Purchase,1300,,,53.282699999999998,11-7-2018,USD,Client 1-2,
US5007541064,Fund 36,Fund 36,Purchase,700,,,53.75,11-13-2018,USD,Client 1-2,
US5007541064,Fund 36,Fund 36,Sale,,2000,,35.86,2-22-2019,USD,Client 1-2,
US5007541064,Fund 36,Fund 36,End Holdings,,,0,,11-5-2019,USD,Client 1-2,
US5007541064,Fund 37,Fund 37,Beginning Holdings,,,0,,11-5-2015,USD,Client 1-2,
US5007541064,Fund 37,Fund 37,Purchase,2124,,,89.337299999999999,8-10-2016,USD,Client 1-2,
US5007541064,Fund 37,Fund 37,Sale,,1336,,77.349999999999994,1-12-2018,USD,Client 1-2,
US5007541064,Fund 37,Fund 37,Sale,,788,,68.444900000000004,2-21-2018,USD,Client 1-2,
US5007541064,Fund 37,Fund 37,End Holdings,,,0,,11-5-2019,USD,Client 1-2,
US5007541064,Fund 38,Fund 38,Beginning Holdings,,,0,,11-5-2015,USD,Client 1-2,
US5007541064,Fund 38,Fund 38,Purchase,2500,,,92.6,2-27-2017,USD,Client 1-2,
US5007541064,Fund 38,Fund 38,Purchase,500,,,90.83,4-11-2017,USD,Client 1-2,
US5007541064,Fund 38,Fund 38,Purchase,4500,,,89.144900000000007,5-2-2017,USD,Client 1-2,
US5007541064,Fund 38,Fund 38,Purchase,250,,,89.55,5-16-2017,USD,Client 1-2,
US5007541064,Fund 38,Fund 38,Purchase,500,,,83.1,7-6-2017,USD,Client 1-2,
US5007541064,Fund 38,Fund 38,Purchase,250,,,81.44,8-29-2017,USD,Client 1-2,
US5007541064,Fund 38,Fund 38,Purchase,500,,,79.010000000000005,9-22-2017,USD,Client 1-2,
US5007541064,Fund 38,Fund 38,Purchase,250,,,78.349999999999994,10-12-2017,USD,Client 1-2,
US5007541064,Fund 38,Fund 38,Sale,,9250,,78.845299999999995,12-19-2017,USD,Client 1-2,
US5007541064,Fund 38,Fund 38,Purchase,13250,,,61.79,3-29-2018,USD,Client 1-2,
US5007541064,Fund 38,Fund 38,Purchase,250,,,61.27,4-10-2018,USD,Client 1-2,
US5007541064,Fund 38,Fund 38,Sale,,2000,,61.511800000000001,4-12-2018,USD,Client 1-2,
US5007541064,Fund 38,Fund 38,Purchase,1500,,,55.884300000000003,5-4-2018,USD,Client 1-2,
US5007541064,Fund 38,Fund 38,Sale,,1000,,58.24,5-7-2018,USD,Client 1-2,
US5007541064,Fund 38,Fund 38,Sale,,12000,,62.105600000000003,7-2-2018,USD,Client 1-2,
US5007541064,Fund 38,Fund 38,Purchase,25000,,,30.602399999999999,7-9-2019,USD,Client 1-2,
US5007541064,Fund 38,Fund 38,Purchase,5000,,,32.701500000000003,8-1-2019,USD,Client 1-2,
US5007541064,Fund 38,Fund 38,Sale,,30000,,26.919,8-8-2019,USD,Client 1-2,
US5007541064,Fund 38,Fund 38,End Holdings,,,0,,11-5-2019,USD,Client 1-2,
US5007541064,Fund 39,Fund 39,Beginning Holdings,,,1300,,11-5-2015,USD,Client 1-2,
US5007541064,Fund 39,Fund 39,Purchase,700,,,72.851399999999998,11-11-2015,USD,Client 1-2,
US5007541064,Fund 39,Fund 39,Purchase,4250,,,81.010000000000005,11-14-2016,USD,Client 1-2,
US5007541064,Fund 39,Fund 39,Purchase,2000,,,89.172499999999999,1-31-2017,USD,Client 1-2,
US5007541064,Fund 39,Fund 39,Sale,,8250,,60.276400000000002,6-12-2018,USD,Client 1-2,
US5007541064,Fund 39,Fund 39,End Holdings,,,0,,11-5-2019,USD,Client 1-2,
US5007541064,Fund 41,Fund 41,Beginning Holdings,,,0,,11-5-2015,USD,Client 1-2,
US5007541064,Fund 41,Fund 41,Purchase,768,,,28.08,9-9-2019,USD,Client 1-2,
US5007541064,Fund 41,Fund 41,End Holdings,,,768,,11-5-2019,USD,Client 1-2,
US5007541064,Fund 42,Fund 42,Beginning Holdings,,,0,,11-5-2015,USD,Client 1-2,
US5007541064,Fund 42,Fund 42,Purchase,6000,,,93.387600000000006,2-17-2017,USD,Client 1-2,
US5007541064,Fund 42,Fund 42,Purchase,5000,,,78.935500000000005,11-15-2017,USD,Client 1-2,
US5007541064,Fund 42,Fund 42,Sale,,3000,,79.307900000000004,1-19-2018,USD,Client 1-2,
US5007541064,Fund 42,Fund 42,Sale,,1000,,59.04,5-10-2018,USD,Client 1-2,
US5007541064,Fund 42,Fund 42,Sale,,3500,,56.046900000000001,5-18-2018,USD,Client 1-2,
US5007541064,Fund 42,Fund 42,Sale,,3500,,58.558700000000002,8-2-2018,USD,Client 1-2,
US5007541064,Fund 42,Fund 42,End Holdings,,,0,,11-5-2019,USD,Client 1-2,
US5007541064,Fund 47,Fund 47,Beginning Holdings,,,0,,11-5-2015,USD,Client 1-2,
US5007541064,Fund 47,Fund 47,Purchase,7950,,,51.244999999999997,11-21-2018,USD,Client 1-2,
US5007541064,Fund 47,Fund 47,Sale,,7950,,45.364539999999998,1-10-2019,USD,Client 1-2,
US5007541064,Fund 47,Fund 47,End Holdings,,,0,,11-5-2019,USD,Client 1-2,
US5007541064,Fund 48,Fund 48,Beginning Holdings,,,0,,11-5-2015,USD,Client 1-2,
US5007541064,Fund 48,Fund 48,Purchase,7800,,,59.352600000000002,9-13-2018,USD,Client 1-2,
US5007541064,Fund 48,Fund 48,Sale,,7800,,53.894300000000001,10-12-2018,USD,Client 1-2,
US5007541064,Fund 48,Fund 48,Purchase,6500,,,35.049199999999999,2-22-2019,USD,Client 1-2,
US5007541064,Fund 48,Fund 48,Sale,,6500,,32.025700000000001,5-2-2019,USD,Client 1-2,
US5007541064,Fund 48,Fund 48,End Holdings,,,0,,11-5-2019,USD,Client 1-2,
US5007541064,Fund 50,Fund 50,Beginning Holdings,,,0,,11-5-2015,USD,Client 1-2,
US5007541064,Fund 50,Fund 50,Purchase,6533,,,28.67,6-4-2019,USD,Client 1-2,
US5007541064,Fund 50,Fund 50,Purchase,1681,,,30.52,6-24-2019,USD,Client 1-2,
US5007541064,Fund 50,Fund 50,End Holdings,,,8214,,11-5-2019,USD,Client 1-2,
US5007541064,Fund 51,Fund 51,Beginning Holdings,,,0,,11-5-2015,USD,Client 1-2,
US5007541064,Fund 51,Fund 51,Purchase,5900,,,59.352600000000002,9-13-2018,USD,Client 1-2,
US5007541064,Fund 51,Fund 51,Sale,,5900,,53.894300000000001,10-12-2018,USD,Client 1-2,
US5007541064,Fund 51,Fund 51,Purchase,4900,,,35.049199999999999,2-22-2019,USD,Client 1-2,
US5007541064,Fund 51,Fund 51,Sale,,4900,,32.025700000000001,5-2-2019,USD,Client 1-2,
US5007541064,Fund 51,Fund 51,End Holdings,,,0,,11-5-2019,USD,Client 1-2,
US5007541064,Fund 52,Fund 52,Beginning Holdings,,,3096,,11-5-2015,USD,Client 1-2,
US5007541064,Fund 52,Fund 52,Purchase,1204,,,78.53,4-1-2016,USD,Client 1-2,
US5007541064,Fund 52,Fund 52,End Holdings,,,4300,,11-5-2019,USD,Client 1-2,
US5007541064,Fund 53,Fund 53,Beginning Holdings,,,0,,11-5-2015,USD,Client 1-2,
US5007541064,Fund 53,Fund 53,Purchase,38000,,,51.565399999999997,11-5-2018,USD,Client 1-2,
US5007541064,Fund 53,Fund 53,Sale,,6000,,54.03,11-12-2018,USD,Client 1-2,
US5007541064,Fund 53,Fund 53,Sale,,32000,,51.911099999999998,11-20-2018,USD,Client 1-2,
US5007541064,Fund 53,Fund 53,End Holdings,,,0,,11-5-2019,USD,Client 1-2,
US5007541064,Fund 54,Fund 54,Beginning Holdings,,,0,,11-5-2015,USD,Client 1-2,
US5007541064,Fund 54,Fund 54,Purchase,1878,,,88.19,7-5-2016,USD,Client 1-2,
US5007541064,Fund 54,Fund 54,Sale,,1878,,89.21,2-3-2017,USD,Client 1-2,
US5007541064,Fund 54,Fund 54,End Holdings,,,0,,11-5-2019,USD,Client 1-2,
US5007541064,Fund 55,Fund 55,Beginning Holdings,,,0,,11-5-2015,USD,Client 1-2,
US5007541064,Fund 55,Fund 55,Purchase,5200,,,59.352600000000002,9-13-2018,USD,Client 1-2,
US5007541064,Fund 55,Fund 55,Sale,,5200,,53.894300000000001,10-12-2018,USD,Client 1-2,
US5007541064,Fund 55,Fund 55,Purchase,4300,,,35.049199999999999,2-22-2019,USD,Client 1-2,
US5007541064,Fund 55,Fund 55,Sale,,4300,,32.025700000000001,5-2-2019,USD,Client 1-2,
US5007541064,Fund 55,Fund 55,End Holdings,,,0,,11-5-2019,USD,Client 1-2,
US5007541064,Fund 56,Fund 56,Beginning Holdings,,,0,,11-5-2015,USD,Client 1-2,
US5007541064,Fund 56,Fund 56,Purchase,1700,,,73.586500000000001,2-18-2016,USD,Client 1-2,
US5007541064,Fund 56,Fund 56,Purchase,1100,,,77.423100000000005,3-3-2016,USD,Client 1-2,
US5007541064,Fund 56,Fund 56,Sale,,100,,78.53,4-1-2016,USD,Client 1-2,
US5007541064,Fund 56,Fund 56,Purchase,200,,,78.069999999999993,5-2-2016,USD,Client 1-2,
US5007541064,Fund 56,Fund 56,Sale,,200,,83.09,6-1-2016,USD,Client 1-2,
US5007541064,Fund 56,Fund 56,Sale,,100,,86.3,8-1-2016,USD,Client 1-2,
US5007541064,Fund 56,Fund 56,Sale,,600,,89.57,9-1-2016,USD,Client 1-2,
US5007541064,Fund 56,Fund 56,Sale,,100,,88.63,11-2-2016,USD,Client 1-2,
US5007541064,Fund 56,Fund 56,Sale,,100,,87.85,1-3-2017,USD,Client 1-2,
US5007541064,Fund 56,Fund 56,Sale,,100,,89.58,5-8-2017,USD,Client 1-2,
US5007541064,Fund 56,Fund 56,Sale,,100,,86.49,8-2-2017,USD,Client 1-2,
US5007541064,Fund 56,Fund 56,Sale,,100,,76.84,11-2-2017,USD,Client 1-2,
US5007541064,Fund 56,Fund 56,Sale,,100,,81.44,11-30-2017,USD,Client 1-2,
US5007541064,Fund 56,Fund 56,Purchase,100,,,80.95,12-1-2017,USD,Client 1-2,
US5007541064,Fund 56,Fund 56,Sale,,100,,67.14,3-1-2018,USD,Client 1-2,
US5007541064,Fund 56,Fund 56,Sale,,1400,,62.38,7-3-2018,USD,Client 1-2,
US5007541064,Fund 56,Fund 56,End Holdings,,,0,,11-5-2019,USD,Client 1-2,
US5007541064,Fund 57,Fund 57,Beginning Holdings,,,0,,11-5-2015,USD,Client 1-2,
US5007541064,Fund 57,Fund 57,Purchase,6253,,,89.63,5-5-2017,USD,Client 1-2,
US5007541064,Fund 57,Fund 57,Purchase,161,,,92.2,5-31-2017,USD,Client 1-2,
US5007541064,Fund 57,Fund 57,Purchase,181,,,57.48,5-31-2018,USD,Client 1-2,
US5007541064,Fund 57,Fund 57,Purchase,174,,,58.27,8-31-2018,USD,Client 1-2,
US5007541064,Fund 57,Fund 57,Sale,,6769,,29.06,5-28-2019,USD,Client 1-2,
US5007541064,Fund 57,Fund 57,End Holdings,,,0,,11-5-2019,USD,Client 1-2,
US5007541064,Fund 58,Fund 58,Beginning Holdings,,,0,,11-5-2015,USD,Client 1-2,
US5007541064,Fund 58,Fund 58,Purchase,5090,,,33.457599999999999,2-28-2019,USD,Client 1-2,
US5007541064,Fund 58,Fund 58,Sale,,5090,,28.514900000000001,5-29-2019,USD,Client 1-2,
US5007541064,Fund 58,Fund 58,End Holdings,,,0,,11-5-2019,USD,Client 1-2,
US5007541064,Fund 60,Fund 60,Beginning Holdings,,,0,,11-5-2015,USD,Client 1-2,
US5007541064,Fund 60,Fund 60,Purchase,210,,,78.069999999999993,1-2-2018,USD,Client 1-2,
US5007541064,Fund 60,Fund 60,Sale,,210,,60.276400000000002,6-12-2018,USD,Client 1-2,
US5007541064,Fund 60,Fund 60,End Holdings,,,0,,11-5-2019,USD,Client 1-2,
US5007541064,Fund 63,Fund 63,Beginning Holdings,,,2400,,11-5-2015,USD,Client 1-2,
US5007541064,Fund 63,Fund 63,Purchase,200,,,78.56,3-31-2016,USD,Client 1-2,
US5007541064,Fund 63,Fund 63,Sale,,300,,81.650000000000006,11-30-2016,USD,Client 1-2,
US5007541064,Fund 63,Fund 63,Purchase,200,,,90.39,4-28-2017,USD,Client 1-2,
US5007541064,Fund 63,Fund 63,Purchase,300,,,78.39,1-31-2018,USD,Client 1-2,
US5007541064,Fund 63,Fund 63,Sale,,200,,70.8,2-16-2018,USD,Client 1-2,
US5007541064,Fund 63,Fund 63,Sale,,400,,57.48,5-31-2018,USD,Client 1-2,
US5007541064,Fund 63,Fund 63,Purchase,400,,,62.14,6-19-2018,USD,Client 1-2,
US5007541064,Fund 63,Fund 63,Sale,,300,,62.82,6-29-2018,USD,Client 1-2,
US5007541064,Fund 63,Fund 63,End Holdings,,,2300,,11-5-2019,USD,Client 1-2,
US5007541064,Fund 64,Fund 64,Beginning Holdings,,,6082,,11-5-2015,USD,Client 1-2,
US5007541064,Fund 64,Fund 64,Purchase,400,,,77.034599999999998,2-29-2016,USD,Client 1-2,
US5007541064,Fund 64,Fund 64,Sale,,500,,87.32,12-30-2016,USD,Client 1-2,
US5007541064,Fund 64,Fund 64,Purchase,300,,,89.29,1-31-2017,USD,Client 1-2,
US5007541064,Fund 64,Fund 64,Sale,,500,,84.85,7-13-2017,USD,Client 1-2,
US5007541064,Fund 64,Fund 64,Purchase,200,,,80.75,8-31-2017,USD,Client 1-2,
US5007541064,Fund 64,Fund 64,Sale,,300,,79.819999999999993,11-22-2017,USD,Client 1-2,
US5007541064,Fund 64,Fund 64,Purchase,500,,,77.760000000000005,12-29-2017,USD,Client 1-2,
US5007541064,Fund 64,Fund 64,Sale,,300,,70.8,2-16-2018,USD,Client 1-2,
US5007541064,Fund 64,Fund 64,Sale,,400,,57.48,5-31-2018,USD,Client 1-2,
US5007541064,Fund 64,Fund 64,End Holdings,,,5482,,11-5-2019,USD,Client 1-2,
US5007541064,Fund 65,Fund 65,Beginning Holdings,,,930,,11-5-2015,USD,Client 1-2,
US5007541064,Fund 65,Fund 65,Purchase,370,,,73.75,11-6-2015,USD,Client 1-2,
US5007541064,Fund 65,Fund 65,Purchase,800,,,73.3,12-3-2015,USD,Client 1-2,
US5007541064,Fund 65,Fund 65,Sale,,100,,72.739999999999995,1-5-2016,USD,Client 1-2,
US5007541064,Fund 65,Fund 65,Purchase,100,,,76.900000000000006,1-29-2016,USD,Client 1-2,
US5007541064,Fund 65,Fund 65,Sale,,100,,77.91,3-4-2016,USD,Client 1-2,
US5007541064,Fund 65,Fund 65,Purchase,100,,,77.61,4-29-2016,USD,Client 1-2,
US5007541064,Fund 65,Fund 65,Purchase,100,,,83.09,6-1-2016,USD,Client 1-2,
US5007541064,Fund 65,Fund 65,Purchase,100,,,87.38,7-27-2016,USD,Client 1-2,
US5007541064,Fund 65,Fund 65,Sale,,500,,89.69,9-6-2016,USD,Client 1-2,
US5007541064,Fund 65,Fund 65,Purchase,100,,,88.32,10-5-2016,USD,Client 1-2,
US5007541064,Fund 65,Fund 65,Sale,,100,,82.03,11-4-2016,USD,Client 1-2,
US5007541064,Fund 65,Fund 65,Purchase,150,,,81.38,11-16-2016,USD,Client 1-2,
US5007541064,Fund 65,Fund 65,Purchase,150,,,81.52,12-1-2016,USD,Client 1-2,
US5007541064,Fund 65,Fund 65,Purchase,150,,,85.88,12-16-2016,USD,Client 1-2,
US5007541064,Fund 65,Fund 65,Sale,,50,,87.52,1-4-2017,USD,Client 1-2,
US5007541064,Fund 65,Fund 65,Purchase,100,,,88.89,2-1-2017,USD,Client 1-2,
US5007541064,Fund 65,Fund 65,Sale,,100,,79.989999999999995,9-21-2017,USD,Client 1-2,
US5007541064,Fund 65,Fund 65,Sale,,100,,76.77,10-20-2017,USD,Client 1-2,
US5007541064,Fund 65,Fund 65,Purchase,50,,,64.03,3-20-2018,USD,Client 1-2,
US5007541064,Fund 65,Fund 65,Purchase,50,,,61.66,4-18-2018,USD,Client 1-2,
US5007541064,Fund 65,Fund 65,Sale,,2200,,62.48,6-20-2018,USD,Client 1-2,
US5007541064,Fund 65,Fund 65,End Holdings,,,0,,11-5-2019,USD,Client 1-2,
US5007541064,Fund 69,Fund 69,Beginning Holdings,,,0,,11-5-2015,USD,Client 1-2,
US5007541064,Fund 69,Fund 69,Purchase,12200,,,63.438600000000001,7-5-2018,USD,Client 1-2,
US5007541064,Fund 69,Fund 69,Sale,,12200,,59.583199999999998,7-24-2018,USD,Client 1-2,
US5007541064,Fund 69,Fund 69,Purchase,13700,,,59.352600000000002,9-13-2018,USD,Client 1-2,
US5007541064,Fund 69,Fund 69,Sale,,13700,,53.894300000000001,10-12-2018,USD,Client 1-2,
US5007541064,Fund 69,Fund 69,Purchase,11600,,,35.049199999999999,2-22-2019,USD,Client 1-2,
US5007541064,Fund 69,Fund 69,Sale,,11600,,32.025700000000001,5-2-2019,USD,Client 1-2,
US5007541064,Fund 69,Fund 69,End Holdings,,,0,,11-5-2019,USD,Client 1-2,
US5007541064,Fund 70,Fund 70,Beginning Holdings,,,1600,,11-5-2015,USD,Client 1-2,
US5007541064,Fund 70,Fund 70,Purchase,800,,,74.23,12-1-2015,USD,Client 1-2,
US5007541064,Fund 70,Fund 70,Sale,,300,,77.61,3-2-2016,USD,Client 1-2,
US5007541064,Fund 70,Fund 70,Sale,,150,,83.09,6-1-2016,USD,Client 1-2,
US5007541064,Fund 70,Fund 70,Sale,,450,,89.57,9-1-2016,USD,Client 1-2,
US5007541064,Fund 70,Fund 70,Sale,,150,,81.510000000000005,12-1-2016,USD,Client 1-2,
US5007541064,Fund 70,Fund 70,Sale,,120,,91.47,3-1-2017,USD,Client 1-2,
US5007541064,Fund 70,Fund 70,Sale,,180,,77.53,11-1-2017,USD,Client 1-2,
US5007541064,Fund 70,Fund 70,Sale,,1050,,56.807600000000001,5-23-2018,USD,Client 1-2,
US5007541064,Fund 70,Fund 70,End Holdings,,,0,,11-5-2019,USD,Client 1-2,
US5007541064,Fund 72,Fund 72,Beginning Holdings,,,0,,11-5-2015,USD,Client 1-2,
US5007541064,Fund 72,Fund 72,Purchase,13687,,,51.244999999999997,11-21-2018,USD,Client 1-2,
US5007541064,Fund 72,Fund 72,Sale,,13687,,45.364539999999998,1-10-2019,USD,Client 1-2,
US5007541064,Fund 72,Fund 72,End Holdings,,,0,,11-5-2019,USD,Client 1-2,
US5007541064,Fund 82,Fund 82,Beginning Holdings,,,0,,11-5-2015,USD,Client 2,
US5007541064,Fund 82,Fund 82,Purchase,6668,,,31.4925,5-23-2019,USD,Client 2,
US5007541064,Fund 82,Fund 82,End Holdings,,,6668,,11-5-2019,USD,Client 2,
US5007541064,Fund 83,Fund 83,Beginning Holdings,,,0,,11-5-2015,USD,Client 2,
US5007541064,Fund 83,Fund 83,Purchase,5100,,,84.1,5-27-2016,USD,Client 2,
US5007541064,Fund 83,Fund 83,Sale,,5100,,83.184579999999997,5-31-2016,USD,Client 2,
US5007541064,Fund 83,Fund 83,End Holdings,,,0,,11-5-2019,USD,Client 2,
US5007541064,Fund 84,Fund 84,Beginning Holdings,,,0,,11-5-2015,USD,Client 2,
US5007541064,Fund 84,Fund 84,Purchase,1653,,,51.12,11-30-2018,USD,Client 2,
US5007541064,Fund 84,Fund 84,Purchase,1561,,,32.25,4-3-2019,USD,Client 2,
US5007541064,Fund 84,Fund 84,Purchase,1636,,,27.65,5-31-2019,USD,Client 2,
US5007541064,Fund 84,Fund 84,Purchase,3298,,,25.52,8-30-2019,USD,Client 2,
US5007541064,Fund 84,Fund 84,End Holdings,,,8148,,11-5-2019,USD,Client 2,
US5007541064,Fund 85,Fund 85,Beginning Holdings,,,0,,11-5-2015,USD,Client 2,
US5007541064,Fund 85,Fund 85,Purchase,4411,,,91.85,4-19-2017,USD,Client 2,
US5007541064,Fund 85,Fund 85,Sale,,4411,,90.864199999999997,4-27-2017,USD,Client 2,
US5007541064,Fund 85,Fund 85,Purchase,75849,,,28.003149000000001,9-26-2019,USD,Client 2,
US5007541064,Fund 85,Fund 85,End Holdings,,,75849,,11-5-2019,USD,Client 2,
US5007541064,Fund 87,Fund 87,Beginning Holdings,,,0,,11-5-2015,USD,Client 2,
US5007541064,Fund 87,Fund 87,Purchase,1965,,,87.651944999999998,1-12-2017,USD,Client 2,
US5007541064,Fund 87,Fund 87,Sale,,1965,,76.747292999999999,10-19-2017,USD,Client 2,
US5007541064,Fund 87,Fund 87,End Holdings,,,0,,11-5-2019,USD,Client 2,
US5007541064,Fund 89,Fund 89,Beginning Holdings,,,0,,11-5-2015,USD,Client 2,
US5007541064,Fund 89,Fund 89,Purchase,24293,,,87.651944999999998,1-12-2017,USD,Client 2,
US5007541064,Fund 89,Fund 89,Purchase,2807,,,82.77,7-10-2017,USD,Client 2,
US5007541064,Fund 89,Fund 89,Purchase,4241,,,78.258021999999997,9-27-2017,USD,Client 2,
US5007541064,Fund 89,Fund 89,Purchase,6731,,,79.930000000000007,11-20-2017,USD,Client 2,
US5007541064,Fund 89,Fund 89,Purchase,994,,,80.010000000000005,11-21-2017,USD,Client 2,
US5007541064,Fund 89,Fund 89,Purchase,18000,,,60.102376999999997,4-19-2018,USD,Client 2,
US5007541064,Fund 89,Fund 89,Purchase,3972,,,55.420718000000001,5-3-2018,USD,Client 2,
US5007541064,Fund 89,Fund 89,Purchase,4599,,,50.978217000000001,11-28-2018,USD,Client 2,
US5007541064,Fund 89,Fund 89,Purchase,3196,,,46.858071000000002,12-18-2018,USD,Client 2,
US5007541064,Fund 89,Fund 89,Purchase,4633,,,45.248812999999998,1-8-2019,USD,Client 2,
US5007541064,Fund 89,Fund 89,Purchase,37000,,,34.869891000000003,2-22-2019,USD,Client 2,
US5007541064,Fund 89,Fund 89,Purchase,13758,,,32.075000000000003,5-21-2019,USD,Client 2,
US5007541064,Fund 89,Fund 89,End Holdings,,,124224,,11-5-2019,USD,Client 2,
US5007541064,Fund 90,Fund 90,Beginning Holdings,,,0,,11-5-2015,USD,Client 2,
US5007541064,Fund 90,Fund 90,Purchase,7299,,,28.003149000000001,9-26-2019,USD,Client 2,
US5007541064,Fund 90,Fund 90,End Holdings,,,7299,,11-5-2019,USD,Client 2,
US5007541064,Fund 93,Fund 93,Beginning Holdings,,,21618,,11-5-2015,USD,Client 2,
US5007541064,Fund 93,Fund 93,Purchase,900,,,71.180000000000007,1-8-2016,USD,Client 2,
US5007541064,Fund 93,Fund 93,Purchase,1400,,,78.03,3-16-2016,USD,Client 2,
US5007541064,Fund 93,Fund 93,Purchase,1200,,,89.49,8-31-2016,USD,Client 2,
US5007541064,Fund 93,Fund 93,Sale,,1400,,81.650000000000006,11-30-2016,USD,Client 2,
US5007541064,Fund 93,Fund 93,Sale,,1100,,90.83,4-11-2017,USD,Client 2,
US5007541064,Fund 93,Fund 93,Sale,,1800,,77.38,12-20-2017,USD,Client 2,
US5007541064,Fund 93,Fund 93,End Holdings,,,20818,,11-5-2019,USD,Client 2,
US5007541064,Fund 97,Fund 97,Beginning Holdings,,,9901,,11-5-2015,USD,Client 2,
US5007541064,Fund 97,Fund 97,Purchase,600,,,76.67,3-9-2016,USD,Client 2,
US5007541064,Fund 97,Fund 97,Sale,,2000,,89.28,5-11-2017,USD,Client 2,
US5007541064,Fund 97,Fund 97,Purchase,1300,,,29.06,5-28-2019,USD,Client 2,
US5007541064,Fund 97,Fund 97,End Holdings,,,9801,,11-5-2019,USD,Client 2,
US5007541064,Fund 98,Fund 98,Beginning Holdings,,,3966,,11-5-2015,USD,Client 2,
US5007541064,Fund 98,Fund 98,Sale,,3966,,89.077472999999998,7-1-2016,USD,Client 2,
US5007541064,Fund 98,Fund 98,Purchase,3752,,,32.982246000000004,3-6-2019,USD,Client 2,
US5007541064,Fund 98,Fund 98,Purchase,13165,,,32.869363,11-5-2019,USD,Client 2,
US5007541064,Fund 98,Fund 98,End Holdings,,,16917,,11-5-2019,USD,Client 2,
US5007541064,Fund 100,Fund 100,Beginning Holdings,,,0,,11-5-2015,USD,Client 2,
US5007541064,Fund 100,Fund 100,Purchase,1703,,,89.069199999999995,9-8-2016,USD,Client 2,
US5007541064,Fund 100,Fund 100,Sale,,1190,,79.58,11-8-2017,USD,Client 2,
US5007541064,Fund 100,Fund 100,Sale,,513,,81.92,12-4-2017,USD,Client 2,
US5007541064,Fund 100,Fund 100,End Holdings,,,0,,11-5-2019,USD,Client 2,
US5007541064,Fund 102,Fund 102,Beginning Holdings,,,8017,,11-5-2015,USD,Client 2,
US5007541064,Fund 102,Fund 102,Sale,,259,,83.19,5-31-2016,USD,Client 2,
US5007541064,Fund 102,Fund 102,Sale,,303,,88.9,8-25-2016,USD,Client 2,
US5007541064,Fund 102,Fund 102,Sale,,440,,87.92,1-17-2017,USD,Client 2,
US5007541064,Fund 102,Fund 102,Purchase,222,,,91.53,3-9-2017,USD,Client 2,
US5007541064,Fund 102,Fund 102,Purchase,404,,,89,5-1-2017,USD,Client 2,
US5007541064,Fund 102,Fund 102,Sale,,600,,78.42,1-29-2018,USD,Client 2,
US5007541064,Fund 102,Fund 102,Purchase,1624,,,30.69,7-8-2019,USD,Client 2,
US5007541064,Fund 102,Fund 102,End Holdings,,,8665,,11-5-2019,USD,Client 2,
US5007541064,Fund 103,Fund 103,Beginning Holdings,,,1278,,11-5-2015,USD,Client 2,
US5007541064,Fund 103,Fund 103,Purchase,300,,,78.53,4-1-2016,USD,Client 2,
US5007541064,Fund 103,Fund 103,Sale,,600,,89.45,5-15-2017,USD,Client 2,
US5007541064,Fund 103,Fund 103,Sale,,137,,77.55,11-1-2017,USD,Client 2,
US5007541064,Fund 103,Fund 103,Purchase,339,,,78.569999999999993,2-1-2018,USD,Client 2,
US5007541064,Fund 103,Fund 103,Sale,,239,,54.2,5-2-2018,USD,Client 2,
US5007541064,Fund 103,Fund 103,Purchase,181,,,55.66,9-25-2018,USD,Client 2,
US5007541064,Fund 103,Fund 103,End Holdings,,,1122,,11-5-2019,USD,Client 2,
US5007541064,Fund 104,Fund 104,Beginning Holdings,,,3810,,11-5-2015,USD,Client 2,
US5007541064,Fund 104,Fund 104,Sale,,3810,,73.671800000000005,12-29-2015,USD,Client 2,
US5007541064,Fund 104,Fund 104,End Holdings,,,0,,11-5-2019,USD,Client 2,
US5007541064,Fund 105,Fund 105,Beginning Holdings,,,0,,11-5-2015,USD,Client 2,
US5007541064,Fund 105,Fund 105,Purchase,18672,,,81.400000000000006,9-18-2017,USD,Client 2,
US5007541064,Fund 105,Fund 105,Purchase,2388,,,81.400000000000006,9-18-2017,USD,Client 2,
US5007541064,Fund 105,Fund 105,Sale,,998,,79.930000000000007,11-20-2017,USD,Client 2,
US5007541064,Fund 105,Fund 105,Purchase,1461,,,62.14,6-19-2018,USD,Client 2,
US5007541064,Fund 105,Fund 105,Sale,,1332,,63.21,6-26-2018,USD,Client 2,
US5007541064,Fund 105,Fund 105,End Holdings,,,20191,,11-5-2019,USD,Client 2,
US5007541064,Fund 106,Fund 106,Beginning Holdings,,,0,,11-5-2015,USD,Client 2,
US5007541064,Fund 106,Fund 106,Purchase,32662,,,91.25,3-27-2017,USD,Client 2,
US5007541064,Fund 106,Fund 106,Sale,,15755,,91.22,4-4-2017,USD,Client 2,
US5007541064,Fund 106,Fund 106,Sale,,1706,,77.3,10-27-2017,USD,Client 2,
US5007541064,Fund 106,Fund 106,Purchase,1471,,,78.497799999999998,1-9-2018,USD,Client 2,
US5007541064,Fund 106,Fund 106,Sale,,1989,,57.33,4-26-2018,USD,Client 2,
US5007541064,Fund 106,Fund 106,Purchase,2048,,,54.47,10-15-2018,USD,Client 2,
US5007541064,Fund 106,Fund 106,Purchase,3821,,,29.62,9-16-2019,USD,Client 2,
US5007541064,Fund 106,Fund 106,End Holdings,,,20552,,11-5-2019,USD,Client 2,
US5007541064,Fund 107,Fund 107,Beginning Holdings,,,875,,11-5-2015,USD,Client 2,
US5007541064,Fund 107,Fund 107,Purchase,900,,,72.11,2-10-2016,USD,Client 2,
US5007541064,Fund 107,Fund 107,Sale,,100,,87.32,12-30-2016,USD,Client 2,
US5007541064,Fund 107,Fund 107,Sale,,233,,81.37,11-30-2017,USD,Client 2,
US5007541064,Fund 107,Fund 107,Purchase,154,,,61.37,3-28-2018,USD,Client 2,
US5007541064,Fund 107,Fund 107,Sale,,150,,62.82,6-29-2018,USD,Client 2,
US5007541064,Fund 107,Fund 107,Purchase,285,,,58.97,9-14-2018,USD,Client 2,
US5007541064,Fund 107,Fund 107,Purchase,240,,,43.57,12-28-2018,USD,Client 2,
US5007541064,Fund 107,Fund 107,End Holdings,,,1971,,11-5-2019,USD,Client 2,
US5007541064,Fund 110,Fund 110,Beginning Holdings,,,0,,11-5-2015,USD,Client 2,
US5007541064,Fund 110,Fund 110,Purchase,25000,,,84.682100000000005,12-14-2016,USD,Client 2,
US5007541064,Fund 110,Fund 110,Sale,,25000,,95.19,2-17-2017,USD,Client 2,
US5007541064,Fund 110,Fund 110,End Holdings,,,0,,11-5-2019,USD,Client 2,
US5007541064,Fund 111,Fund 111,Beginning Holdings,,,33400,,11-5-2015,USD,Client 2,
US5007541064,Fund 111,Fund 111,Purchase,4500,,,71.92,12-17-2015,USD,Client 2,
US5007541064,Fund 111,Fund 111,Purchase,2600,,,74.239999999999995,2-17-2016,USD,Client 2,
US5007541064,Fund 111,Fund 111,Purchase,700,,,77.569999999999993,3-14-2016,USD,Client 2,
US5007541064,Fund 111,Fund 111,Purchase,800,,,88.75,8-8-2016,USD,Client 2,
US5007541064,Fund 111,Fund 111,Sale,,3300,,88.8,1-23-2017,USD,Client 2,
US5007541064,Fund 111,Fund 111,Purchase,2700,,,77.760000000000005,12-29-2017,USD,Client 2,
US5007541064,Fund 111,Fund 111,Sale,,3000,,58.06,5-17-2018,USD,Client 2,
US5007541064,Fund 111,Fund 111,End Holdings,,,38400,,11-5-2019,USD,Client 2,
US5007541064,Fund 113,Fund 113,Beginning Holdings,,,37052,,11-5-2015,USD,Client 2,
US5007541064,Fund 113,Fund 113,Purchase,3211,,,70.17,1-19-2016,USD,Client 2,
US5007541064,Fund 113,Fund 113,Purchase,4037,,,73.45,2-18-2016,USD,Client 2,
US5007541064,Fund 113,Fund 113,Purchase,3482,,,85.98,12-20-2016,USD,Client 2,
US5007541064,Fund 113,Fund 113,Sale,,4914,,88.95,1-20-2017,USD,Client 2,
US5007541064,Fund 113,Fund 113,Purchase,2731,,,92.2,5-31-2017,USD,Client 2,
US5007541064,Fund 113,Fund 113,Purchase,683,,,92.2,5-31-2017,USD,Client 2,
US5007541064,Fund 113,Fund 113,Purchase,6980,,,25.515799999999999,8-29-2019,USD,Client 2,
US5007541064,Fund 113,Fund 113,End Holdings,,,53262,,11-5-2019,USD,Client 2,
US5007541064,Fund 116,Fund 116,Beginning Holdings,,,15700,,11-5-2015,USD,Client 2,
US5007541064,Fund 116,Fund 116,Sale,,6200,,78.900000000000006,3-30-2016,USD,Client 2,
US5007541064,Fund 116,Fund 116,Sale,,3900,,83.19,5-31-2016,USD,Client 2,
US5007541064,Fund 116,Fund 116,Sale,,5600,,86.39,7-29-2016,USD,Client 2,
US5007541064,Fund 116,Fund 116,End Holdings,,,0,,11-5-2019,USD,Client 2,
US5007541064,Fund 119,Fund 119,Beginning Holdings,,,1000,,11-5-2015,USD,Client 2,
US5007541064,Fund 119,Fund 119,Purchase,1400,,,92.573178999999996,5-30-2017,USD,Client 2,
US5007541064,Fund 119,Fund 119,Purchase,1763,,,57.077119000000003,10-8-2018,USD,Client 2,
US5007541064,Fund 119,Fund 119,End Holdings,,,4163,,11-5-2019,USD,Client 2,
US5007541064,Fund 122,Fund 122,Beginning Holdings,,,724,,11-5-2015,USD,Client 2,
US5007541064,Fund 122,Fund 122,Purchase,445,,,70.67,12-18-2015,USD,Client 2,
US5007541064,Fund 122,Fund 122,Purchase,439,,,76.16,1-28-2016,USD,Client 2,
US5007541064,Fund 122,Fund 122,Sale,,1608,,78.099999999999994,4-22-2016,USD,Client 2,
US5007541064,Fund 122,Fund 122,End Holdings,,,0,,11-5-2019,USD,Client 2,
US5007541064,Fund 125,Fund 125,Beginning Holdings,,,14273,,11-5-2015,USD,Client 2,
US5007541064,Fund 125,Fund 125,Sale,,2167,,77.486687000000003,4-7-2016,USD,Client 2,
US5007541064,Fund 125,Fund 125,Sale,,224,,89.454329999999999,9-30-2016,USD,Client 2,
US5007541064,Fund 125,Fund 125,Sale,,1018,,90.776572000000002,3-31-2017,USD,Client 2,
US5007541064,Fund 125,Fund 125,Sale,,100,,85.759799999999998,6-30-2017,USD,Client 2,
US5007541064,Fund 125,Fund 125,Sale,,561,,60.75,4-19-2018,USD,Client 2,
US5007541064,Fund 125,Fund 125,Purchase,703,,,55.66,10-30-2018,USD,Client 2,
US5007541064,Fund 125,Fund 125,Purchase,2271,,,46.831600000000002,1-30-2019,USD,Client 2,
US5007541064,Fund 125,Fund 125,Sale,,8042,,31.87,7-31-2019,USD,Client 2,
US5007541064,Fund 125,Fund 125,Purchase,4495,,,28.15,9-19-2019,USD,Client 2,
US5007541064,Fund 125,Fund 125,End Holdings,,,9630,,11-5-2019,USD,Client 2,
US5007541064,Fund 126,Fund 126,Beginning Holdings,,,0,,11-5-2015,USD,Client 2,
US5007541064,Fund 126,Fund 126,Purchase,7000,,,65.480356,3-16-2018,USD,Client 2,
US5007541064,Fund 126,Fund 126,Purchase,7000,,,65.493414999999999,3-16-2018,USD,Client 2,
US5007541064,Fund 126,Fund 126,Sale,,7000,,65.480356,3-16-2018,USD,Client 2,
US5007541064,Fund 126,Fund 126,Purchase,8800,,,60.779837000000001,4-13-2018,USD,Client 2,
US5007541064,Fund 126,Fund 126,Sale,,3800,,64.023157999999995,7-6-2018,USD,Client 2,
US5007541064,Fund 126,Fund 126,Purchase,6300,,,60.428272999999997,7-23-2018,USD,Client 2,
US5007541064,Fund 126,Fund 126,Purchase,3900,,,54.709009000000002,9-28-2018,USD,Client 2,
US5007541064,Fund 126,Fund 126,Sale,,9000,,55.905631,10-18-2018,USD,Client 2,
US5007541064,Fund 126,Fund 126,Sale,,2200,,55.705680000000001,10-29-2018,USD,Client 2,
US5007541064,Fund 126,Fund 126,Purchase,5600,,,54.210425999999998,10-31-2018,USD,Client 2,
US5007541064,Fund 126,Fund 126,Sale,,3600,,53.252493999999999,11-6-2018,USD,Client 2,
US5007541064,Fund 126,Fund 126,Sale,,4200,,53.899403,11-12-2018,USD,Client 2,
US5007541064,Fund 126,Fund 126,Purchase,6200,,,32.722462999999998,4-24-2019,USD,Client 2,
US5007541064,Fund 126,Fund 126,Purchase,6000,,,25.310410999999998,8-14-2019,USD,Client 2,
US5007541064,Fund 126,Fund 126,End Holdings,,,21000,,11-5-2019,USD,Client 2,
US5007541064,Fund 127,Fund 127,Beginning Holdings,,,9200,,11-5-2015,USD,Client 2,
US5007541064,Fund 127,Fund 127,Sale,,9200,,91.123999999999995,5-22-2017,USD,Client 2,
US5007541064,Fund 127,Fund 127,End Holdings,,,0,,11-5-2019,USD,Client 2,
US5007541064,Fund 129,Fund 129,Beginning Holdings,,,80652,,11-5-2015,USD,Client 2,
US5007541064,Fund 129,Fund 129,Purchase,4400,,,69.2,1-15-2016,USD,Client 2,
US5007541064,Fund 129,Fund 129,Purchase,5000,,,76.16,1-28-2016,USD,Client 2,
US5007541064,Fund 129,Fund 129,Purchase,4000,,,89.55,9-28-2016,USD,Client 2,
US5007541064,Fund 129,Fund 129,Sale,,3700,,87.57,12-23-2016,USD,Client 2,
US5007541064,Fund 129,Fund 129,Purchase,7400,,,89.41,1-26-2017,USD,Client 2,
US5007541064,Fund 129,Fund 129,Sale,,4000,,93.36,2-22-2017,USD,Client 2,
US5007541064,Fund 129,Fund 129,Sale,,3600,,90.81,3-31-2017,USD,Client 2,
US5007541064,Fund 129,Fund 129,Sale,,4200,,89.41,6-16-2017,USD,Client 2,
US5007541064,Fund 129,Fund 129,Sale,,3500,,87.46,7-31-2017,USD,Client 2,
US5007541064,Fund 129,Fund 129,Purchase,4100,,,77.33,10-31-2017,USD,Client 2,
US5007541064,Fund 129,Fund 129,Sale,,4100,,81.37,11-30-2017,USD,Client 2,
US5007541064,Fund 129,Fund 129,Purchase,5300,,,62.29,3-29-2018,USD,Client 2,
US5007541064,Fund 129,Fund 129,Sale,,8800,,57.66,4-27-2018,USD,Client 2,
US5007541064,Fund 129,Fund 129,Sale,,11400,,56.38,4-30-2018,USD,Client 2,
US5007541064,Fund 129,Fund 129,Purchase,4800,,,57.92,6-6-2018,USD,Client 2,
US5007541064,Fund 129,Fund 129,Sale,,10500,,62.82,6-29-2018,USD,Client 2,
US5007541064,Fund 129,Fund 129,Sale,,4000,,60.25,7-31-2018,USD,Client 2,
US5007541064,Fund 129,Fund 129,Purchase,3991,,,54.97,10-31-2018,USD,Client 2,
US5007541064,Fund 129,Fund 129,Purchase,4960,,,44.85,12-20-2018,USD,Client 2,
US5007541064,Fund 129,Fund 129,Sale,,4892,,48.06,1-31-2019,USD,Client 2,
US5007541064,Fund 129,Fund 129,Sale,,4480,,47.76,2-1-2019,USD,Client 2,
US5007541064,Fund 129,Fund 129,Sale,,5990,,32.1,3-8-2019,USD,Client 2,
US5007541064,Fund 129,Fund 129,Purchase,7207,,,27.65,5-31-2019,USD,Client 2,
US5007541064,Fund 129,Fund 129,Purchase,8819,,,25.52,8-30-2019,USD,Client 2,
US5007541064,Fund 129,Fund 129,End Holdings,,,67467,,11-5-2019,USD,Client 2,
US5007541064,Fund 130,Fund 130,Beginning Holdings,,,0,,11-5-2015,USD,Client 2,
US5007541064,Fund 130,Fund 130,Purchase,1137,,,83.403300000000002,11-29-2016,USD,Client 2,
US5007541064,Fund 130,Fund 130,Purchase,1138,,,83.182199999999995,11-30-2016,USD,Client 2,
US5007541064,Fund 130,Fund 130,Purchase,279,,,80.657600000000002,12-1-2016,USD,Client 2,
US5007541064,Fund 130,Fund 130,Purchase,1808,,,80.750200000000007,12-2-2016,USD,Client 2,
US5007541064,Fund 130,Fund 130,Purchase,804,,,80.826700000000002,12-5-2016,USD,Client 2,
US5007541064,Fund 130,Fund 130,Purchase,3615,,,79.984200000000001,12-6-2016,USD,Client 2,
US5007541064,Fund 130,Fund 130,Purchase,3615,,,80.900999999999996,12-7-2016,USD,Client 2,
US5007541064,Fund 130,Fund 130,Purchase,3608,,,83.67,12-9-2016,USD,Client 2,
US5007541064,Fund 130,Fund 130,Purchase,141,,,85.136600000000001,12-13-2016,USD,Client 2,
US5007541064,Fund 130,Fund 130,Purchase,2263,,,84.976200000000006,12-14-2016,USD,Client 2,
US5007541064,Fund 130,Fund 130,Purchase,2421,,,85.388800000000003,12-15-2016,USD,Client 2,
US5007541064,Fund 130,Fund 130,Sale,,1288,,86.16,7-21-2017,USD,Client 2,
US5007541064,Fund 130,Fund 130,Sale,,19541,,86.47,8-11-2017,USD,Client 2,
US5007541064,Fund 130,Fund 130,End Holdings,,,0,,11-5-2019,USD,Client 2,
US5007541064,Fund 131,Fund 131,Beginning Holdings,,,1164,,11-5-2015,USD,Client 2,
US5007541064,Fund 131,Fund 131,Sale,,1164,,70.878,12-9-2015,USD,Client 2,
US5007541064,Fund 131,Fund 131,Purchase,860,,,76.764700000000005,3-8-2016,USD,Client 2,
US5007541064,Fund 131,Fund 131,Sale,,11,,78.849999999999994,4-4-2016,USD,Client 2,
US5007541064,Fund 131,Fund 131,Sale,,48,,78.361099999999993,4-8-2016,USD,Client 2,
US5007541064,Fund 131,Fund 131,Sale,,60,,78.7,4-26-2016,USD,Client 2,
US5007541064,Fund 131,Fund 131,Sale,,9,,78.069999999999993,4-29-2016,USD,Client 2,
US5007541064,Fund 131,Fund 131,Sale,,226,,85.552099999999996,5-10-2016,USD,Client 2,
US5007541064,Fund 131,Fund 131,Sale,,12,,84.84,6-15-2016,USD,Client 2,
US5007541064,Fund 131,Fund 131,Sale,,156,,88.988,7-13-2016,USD,Client 2,
US5007541064,Fund 131,Fund 131,Sale,,338,,88.556399999999996,7-14-2016,USD,Client 2,
US5007541064,Fund 131,Fund 131,Purchase,389,,,89.427800000000005,9-7-2016,USD,Client 2,
US5007541064,Fund 131,Fund 131,Purchase,24,,,88.56,9-12-2016,USD,Client 2,
US5007541064,Fund 131,Fund 131,Purchase,2726,,,88.604900000000001,9-29-2016,USD,Client 2,
US5007541064,Fund 131,Fund 131,Sale,,2726,,88.284800000000004,11-1-2016,USD,Client 2,
US5007541064,Fund 131,Fund 131,Sale,,8,,84.05,11-4-2016,USD,Client 2,
US5007541064,Fund 131,Fund 131,Purchase,93,,,82.53,11-18-2016,USD,Client 2,
US5007541064,Fund 131,Fund 131,Sale,,490,,82.952500000000001,12-7-2016,USD,Client 2,
US5007541064,Fund 131,Fund 131,Sale,,8,,82.478700000000003,12-8-2016,USD,Client 2,
US5007541064,Fund 131,Fund 131,End Holdings,,,0,,11-5-2019,USD,Client 2,
US5007541064,Fund 135,Fund 135,Beginning Holdings,,,13174,,11-5-2015,USD,Client 2,
US5007541064,Fund 135,Fund 135,Purchase,822,,,74.64,11-25-2015,USD,Client 2,
US5007541064,Fund 135,Fund 135,Purchase,558,,,70.17,1-19-2016,USD,Client 2,
US5007541064,Fund 135,Fund 135,Purchase,721,,,78.03,3-16-2016,USD,Client 2,
US5007541064,Fund 135,Fund 135,Purchase,594,,,78.73,4-25-2016,USD,Client 2,
US5007541064,Fund 135,Fund 135,Purchase,616,,,78.36,4-28-2016,USD,Client 2,
US5007541064,Fund 135,Fund 135,Purchase,573,,,89.51,9-30-2016,USD,Client 2,
US5007541064,Fund 135,Fund 135,Purchase,2496,,,87.92,1-17-2017,USD,Client 2,
US5007541064,Fund 135,Fund 135,Sale,,697,,88.41,2-1-2017,USD,Client 2,
US5007541064,Fund 135,Fund 135,Sale,,661,,92.94,2-23-2017,USD,Client 2,
US5007541064,Fund 135,Fund 135,Sale,,1373,,91.06,3-14-2017,USD,Client 2,
US5007541064,Fund 135,Fund 135,Purchase,805,,,91.41,3-28-2017,USD,Client 2,
US5007541064,Fund 135,Fund 135,Sale,,822,,90.81,3-31-2017,USD,Client 2,
US5007541064,Fund 135,Fund 135,Sale,,585,,92.29,4-25-2017,USD,Client 2,
US5007541064,Fund 135,Fund 135,Purchase,691,,,80.75,8-31-2017,USD,Client 2,
US5007541064,Fund 135,Fund 135,Sale,,692,,81.459999999999994,9-7-2017,USD,Client 2,
US5007541064,Fund 135,Fund 135,Purchase,746,,,77.739999999999995,10-13-2017,USD,Client 2,
US5007541064,Fund 135,Fund 135,Sale,,750,,77.3,10-27-2017,USD,Client 2,
US5007541064,Fund 135,Fund 135,Sale,,779,,78.64,1-16-2018,USD,Client 2,
US5007541064,Fund 135,Fund 135,Purchase,1057,,,62.14,6-19-2018,USD,Client 2,
US5007541064,Fund 135,Fund 135,Sale,,1222,,48.71,12-7-2018,USD,Client 2,
US5007541064,Fund 135,Fund 135,Purchase,1294,,,44.49,1-4-2019,USD,Client 2,
US5007541064,Fund 135,Fund 135,Purchase,2210,,,31.04,6-28-2019,USD,Client 2,
US5007541064,Fund 135,Fund 135,End Holdings,,,18776,,11-5-2019,USD,Client 2,
US5007541064,Fund 138,Fund 138,Beginning Holdings,,,74697,,11-5-2015,USD,Client 2,
US5007541064,Fund 138,Fund 138,Sale,,2310,,72.08,11-10-2015,USD,Client 2,
US5007541064,Fund 138,Fund 138,Purchase,2071,,,71.92,12-17-2015,USD,Client 2,
US5007541064,Fund 138,Fund 138,Purchase,1886,,,71.92,2-12-2016,USD,Client 2,
US5007541064,Fund 138,Fund 138,Sale,,1780,,88.41,7-25-2016,USD,Client 2,
US5007541064,Fund 138,Fund 138,Sale,,2535,,89.49,8-31-2016,USD,Client 2,
US5007541064,Fund 138,Fund 138,Sale,,3313,,88.95,10-31-2016,USD,Client 2,
US5007541064,Fund 138,Fund 138,Sale,,2968,,81.650000000000006,11-30-2016,USD,Client 2,
US5007541064,Fund 138,Fund 138,Purchase,2472,,,84.94,12-13-2016,USD,Client 2,
US5007541064,Fund 138,Fund 138,Sale,,1645,,88.84,1-25-2017,USD,Client 2,
US5007541064,Fund 138,Fund 138,Sale,,1617,,88.41,2-1-2017,USD,Client 2,
US5007541064,Fund 138,Fund 138,Purchase,1640,,,88.61,2-2-2017,USD,Client 2,
US5007541064,Fund 138,Fund 138,Purchase,1642,,,91.16,3-6-2017,USD,Client 2,
US5007541064,Fund 138,Fund 138,Sale,,1614,,91.5,4-13-2017,USD,Client 2,
US5007541064,Fund 138,Fund 138,Purchase,1832,,,80.75,8-31-2017,USD,Client 2,
US5007541064,Fund 138,Fund 138,Sale,,2011,,77.3,10-26-2017,USD,Client 2,
US5007541064,Fund 138,Fund 138,Sale,,1918,,79.36,12-7-2017,USD,Client 2,
US5007541064,Fund 138,Fund 138,Purchase,3219,,,47.53,1-18-2019,USD,Client 2,
US5007541064,Fund 138,Fund 138,Purchase,5048,,,31.45,5-23-2019,USD,Client 2,
US5007541064,Fund 138,Fund 138,End Holdings,,,72796,,11-5-2019,USD,Client 2,
US5007541064,Fund 139,Fund 139,Beginning Holdings,,,171377,,11-5-2015,USD,Client 2,
US5007541064,Fund 139,Fund 139,Purchase,3808,,,74.069999999999993,11-23-2015,USD,Client 2,
US5007541064,Fund 139,Fund 139,Purchase,4002,,,71.17,1-20-2016,USD,Client 2,
US5007541064,Fund 139,Fund 139,Purchase,3536,,,76.22,3-10-2016,USD,Client 2,
US5007541064,Fund 139,Fund 139,Purchase,3601,,,77.78,3-15-2016,USD,Client 2,
US5007541064,Fund 139,Fund 139,Purchase,3709,,,78.56,3-31-2016,USD,Client 2,
US5007541064,Fund 139,Fund 139,Sale,,3367,,88.48,6-30-2016,USD,Client 2,
US5007541064,Fund 139,Fund 139,Purchase,3378,,,87.8,7-12-2016,USD,Client 2,
US5007541064,Fund 139,Fund 139,Purchase,3600,,,89.47,8-23-2016,USD,Client 2,
US5007541064,Fund 139,Fund 139,Purchase,2418,,,89.069199999999995,9-8-2016,USD,Client 2,
US5007541064,Fund 139,Fund 139,Purchase,217,,,87.45,9-9-2016,USD,Client 2,
US5007541064,Fund 139,Fund 139,Purchase,3546,,,88.95,10-31-2016,USD,Client 2,
US5007541064,Fund 139,Fund 139,Purchase,1384,,,82.44,11-23-2016,USD,Client 2,
US5007541064,Fund 139,Fund 139,Purchase,6228,,,82.44,11-23-2016,USD,Client 2,
US5007541064,Fund 139,Fund 139,Sale,,3954,,85.98,12-20-2016,USD,Client 2,
US5007541064,Fund 139,Fund 139,Purchase,5333,,,89.29,1-31-2017,USD,Client 2,
US5007541064,Fund 139,Fund 139,Sale,,3965,,92.99,5-26-2017,USD,Client 2,
US5007541064,Fund 139,Fund 139,Purchase,4461,,,86.22,7-24-2017,USD,Client 2,
US5007541064,Fund 139,Fund 139,Sale,,5209,,77.33,10-31-2017,USD,Client 2,
US5007541064,Fund 139,Fund 139,Purchase,14988,,,79.66,1-19-2018,USD,Client 2,
US5007541064,Fund 139,Fund 139,Purchase,1698,,,79.66,1-19-2018,USD,Client 2,
US5007541064,Fund 139,Fund 139,Sale,,6870,,78.39,1-31-2018,USD,Client 2,
US5007541064,Fund 139,Fund 139,Purchase,10101,,,55.54,10-1-2018,USD,Client 2,
US5007541064,Fund 139,Fund 139,Sale,,9189,,54.97,10-31-2018,USD,Client 2,
US5007541064,Fund 139,Fund 139,Purchase,9958,,,51.07,11-26-2018,USD,Client 2,
US5007541064,Fund 139,Fund 139,Purchase,18289,,,30.41,6-13-2019,USD,Client 2,
US5007541064,Fund 139,Fund 139,Purchase,20761,,,28.96,9-10-2019,USD,Client 2,
US5007541064,Fund 139,Fund 139,End Holdings,,,263839,,11-5-2019,USD,Client 2,
US5007541064,Fund 140,Fund 140,Beginning Holdings,,,2833,,11-5-2015,USD,Client 2,
US5007541064,Fund 140,Fund 140,Sale,,1762,,47.64,2-13-2019,USD,Client 2,
US5007541064,Fund 140,Fund 140,Sale,,543,,33.19,2-28-2019,USD,Client 2,
US5007541064,Fund 140,Fund 140,Purchase,1699,,,29.06,5-28-2019,USD,Client 2,
US5007541064,Fund 140,Fund 140,Purchase,389,,,28.67,6-4-2019,USD,Client 2,
US5007541064,Fund 140,Fund 140,Purchase,493,,,25,8-27-2019,USD,Client 2,
US5007541064,Fund 140,Fund 140,End Holdings,,,3109,,11-5-2019,USD,Client 2,
US5007541064,Fund 145,Fund 145,Beginning Holdings,,,1698,,11-5-2015,USD,Client 2,
US5007541064,Fund 145,Fund 145,Sale,,400,,70.900000000000006,11-12-2015,USD,Client 2,
US5007541064,Fund 145,Fund 145,Sale,,300,,82.53,11-18-2016,USD,Client 2,
US5007541064,Fund 145,Fund 145,Sale,,286,,93.36,2-22-2017,USD,Client 2,
US5007541064,Fund 145,Fund 145,Sale,,180,,79.849999999999994,11-13-2017,USD,Client 2,
US5007541064,Fund 145,Fund 145,End Holdings,,,532,,11-5-2019,USD,Client 2,
US5007541064,Fund 146,Fund 146,Beginning Holdings,,,229,,11-5-2015,USD,Client 2,
US5007541064,Fund 146,Fund 146,Sale,,100,,86.46,12-16-2016,USD,Client 2,
US5007541064,Fund 146,Fund 146,End Holdings,,,129,,11-5-2019,USD,Client 2,
US5007541064,Fund 147,Fund 147,Beginning Holdings,,,246,,11-5-2015,USD,Client 2,
US5007541064,Fund 147,Fund 147,Sale,,70,,85.96,7-28-2016,USD,Client 2,
US5007541064,Fund 147,Fund 147,Sale,,59,,93.36,2-22-2017,USD,Client 2,
US5007541064,Fund 147,Fund 147,Sale,,31,,29.28,9-11-2019,USD,Client 2,
US5007541064,Fund 147,Fund 147,End Holdings,,,86,,11-5-2019,USD,Client 2,
US5007541064,Fund 148,Fund 148,Beginning Holdings,,,1710,,11-5-2015,USD,Client 2,
US5007541064,Fund 148,Fund 148,Sale,,300,,86.46,12-16-2016,USD,Client 2,
US5007541064,Fund 148,Fund 148,Sale,,529,,79.38,11-14-2017,USD,Client 2,
US5007541064,Fund 148,Fund 148,Sale,,344,,60.69,7-20-2018,USD,Client 2,
US5007541064,Fund 148,Fund 148,End Holdings,,,537,,11-5-2019,USD,Client 2,
US5007541064,Fund 149,Fund 149,Beginning Holdings,,,275,,11-5-2015,USD,Client 2,
US5007541064,Fund 149,Fund 149,Sale,,100,,88.75,8-8-2016,USD,Client 2,
US5007541064,Fund 149,Fund 149,Sale,,33,,93.36,2-22-2017,USD,Client 2,
US5007541064,Fund 149,Fund 149,Sale,,67,,29.28,9-11-2019,USD,Client 2,
US5007541064,Fund 149,Fund 149,End Holdings,,,75,,11-5-2019,USD,Client 2,
US5007541064,Fund 150,Fund 150,Beginning Holdings,,,240,,11-5-2015,USD,Client 2,
US5007541064,Fund 150,Fund 150,Sale,,100,,93.36,2-22-2017,USD,Client 2,
US5007541064,Fund 150,Fund 150,Sale,,47,,29.28,9-11-2019,USD,Client 2,
US5007541064,Fund 150,Fund 150,End Holdings,,,93,,11-5-2019,USD,Client 2,
US5007541064,Fund 157,Fund 157,Beginning Holdings,,,0,,11-5-2015,USD,Client 2,
US5007541064,Fund 157,Fund 157,Purchase,286,,,32.89,3-28-2019,USD,Client 2,
US5007541064,Fund 157,Fund 157,Purchase,1679,,,29.06,5-28-2019,USD,Client 2,
US5007541064,Fund 157,Fund 157,Purchase,363,,,27.65,5-31-2019,USD,Client 2,
US5007541064,Fund 157,Fund 157,Purchase,474,,,25.33,8-23-2019,USD,Client 2,
US5007541064,Fund 157,Fund 157,End Holdings,,,2802,,11-5-2019,USD,Client 2,
US5007541064,Fund 158,Fund 158,Beginning Holdings,,,37283,,11-5-2015,USD,Client 2,
US5007541064,Fund 158,Fund 158,Purchase,888,,,78.06,1-29-2016,USD,Client 2,
US5007541064,Fund 158,Fund 158,Purchase,918,,,71.92,2-12-2016,USD,Client 2,
US5007541064,Fund 158,Fund 158,Sale,,926,,78.03,3-16-2016,USD,Client 2,
US5007541064,Fund 158,Fund 158,Purchase,942,,,78.900000000000006,3-30-2016,USD,Client 2,
US5007541064,Fund 158,Fund 158,Purchase,973,,,78.47,4-8-2016,USD,Client 2,
US5007541064,Fund 158,Fund 158,Sale,,910,,83.19,5-31-2016,USD,Client 2,
US5007541064,Fund 158,Fund 158,Purchase,897,,,85.5,6-20-2016,USD,Client 2,
US5007541064,Fund 158,Fund 158,Purchase,962,,,84.9,8-3-2016,USD,Client 2,
US5007541064,Fund 158,Fund 158,Purchase,941,,,88.34,11-8-2016,USD,Client 2,
US5007541064,Fund 158,Fund 158,Purchase,692,,,82.44,11-23-2016,USD,Client 2,
US5007541064,Fund 158,Fund 158,Sale,,1014,,83.22,11-28-2016,USD,Client 2,
US5007541064,Fund 158,Fund 158,Sale,,990,,85.37,12-15-2016,USD,Client 2,
US5007541064,Fund 158,Fund 158,Purchase,1137,,,88.95,1-20-2017,USD,Client 2,
US5007541064,Fund 158,Fund 158,Sale,,962,,88.84,1-25-2017,USD,Client 2,
US5007541064,Fund 158,Fund 158,Purchase,979,,,89.43,1-27-2017,USD,Client 2,
US5007541064,Fund 158,Fund 158,Sale,,977,,90.8,3-7-2017,USD,Client 2,
US5007541064,Fund 158,Fund 158,Purchase,969,,,91.51,3-10-2017,USD,Client 2,
US5007541064,Fund 158,Fund 158,Sale,,975,,91.06,3-14-2017,USD,Client 2,
US5007541064,Fund 158,Fund 158,Purchase,963,,,91.98,3-17-2017,USD,Client 2,
US5007541064,Fund 158,Fund 158,Sale,,1059,,90.81,3-31-2017,USD,Client 2,
US5007541064,Fund 158,Fund 158,Sale,,950,,90.89,4-10-2017,USD,Client 2,
US5007541064,Fund 158,Fund 158,Purchase,937,,,91.6,4-21-2017,USD,Client 2,
US5007541064,Fund 158,Fund 158,Sale,,1069,,83.75,7-11-2017,USD,Client 2,
US5007541064,Fund 158,Fund 158,Purchase,1163,,,80.75,8-31-2017,USD,Client 2,
US5007541064,Fund 158,Fund 158,Sale,,1563,,77.52,9-22-2017,USD,Client 2,
US5007541064,Fund 158,Fund 158,Sale,,1184,,77.33,10-31-2017,USD,Client 2,
US5007541064,Fund 158,Fund 158,Sale,,1119,,78.48,12-8-2017,USD,Client 2,
US5007541064,Fund 158,Fund 158,Purchase,1184,,,79.67,1-25-2018,USD,Client 2,
US5007541064,Fund 158,Fund 158,Purchase,1353,,,69.739999999999995,2-26-2018,USD,Client 2,
US5007541064,Fund 158,Fund 158,Sale,,1366,,66.989999999999995,3-8-2018,USD,Client 2,
US5007541064,Fund 158,Fund 158,Sale,,1609,,60.69,7-20-2018,USD,Client 2,
US5007541064,Fund 158,Fund 158,Purchase,1836,,,43.57,12-28-2018,USD,Client 2,
US5007541064,Fund 158,Fund 158,Sale,,1828,,45.13,1-9-2019,USD,Client 2,
US5007541064,Fund 158,Fund 158,Purchase,1802,,,46.84,1-16-2019,USD,Client 2,
US5007541064,Fund 158,Fund 158,Sale,,1809,,46.54,1-24-2019,USD,Client 2,
US5007541064,Fund 158,Fund 158,Sale,,2633,,33.07,4-12-2019,USD,Client 2,
US5007541064,Fund 158,Fund 158,Purchase,3159,,,31.11,5-24-2019,USD,Client 2,
US5007541064,Fund 158,Fund 158,Purchase,3118,,,28.62,6-6-2019,USD,Client 2,
US5007541064,Fund 158,Fund 158,Sale,,3097,,28.61,10-23-2019,USD,Client 2,
US5007541064,Fund 158,Fund 158,End Holdings,,,37056,,11-5-2019,USD,Client 2,
US5007541064,Fund 159,Fund 159,Beginning Holdings,,,9319,,11-5-2015,USD,Client 2,
US5007541064,Fund 159,Fund 159,Purchase,825,,,73.010000000000005,12-16-2015,USD,Client 2,
US5007541064,Fund 159,Fund 159,Purchase,397,,,74.89,2-3-2016,USD,Client 2,
US5007541064,Fund 159,Fund 159,Sale,,647,,79.099999999999994,4-27-2016,USD,Client 2,
US5007541064,Fund 159,Fund 159,Purchase,681,,,86.1,6-29-2016,USD,Client 2,
US5007541064,Fund 159,Fund 159,Sale,,680,,85.63,7-27-2016,USD,Client 2,
US5007541064,Fund 159,Fund 159,Purchase,392,,,87.03,1-4-2017,USD,Client 2,
US5007541064,Fund 159,Fund 159,Sale,,870,,89.19,2-8-2017,USD,Client 2,
US5007541064,Fund 159,Fund 159,Purchase,367,,,92.59,5-24-2017,USD,Client 2,
US5007541064,Fund 159,Fund 159,Sale,,400,,86.46,8-9-2017,USD,Client 2,
US5007541064,Fund 159,Fund 159,Sale,,454,,79.28,12-13-2017,USD,Client 2,
US5007541064,Fund 159,Fund 159,Purchase,505,,,71.92,2-14-2018,USD,Client 2,
US5007541064,Fund 159,Fund 159,Sale,,682,,53.67,11-12-2018,USD,Client 2,
US5007541064,Fund 159,Fund 159,Purchase,740,,,48.38,12-11-2018,USD,Client 2,
US5007541064,Fund 159,Fund 159,Purchase,2523,,,43.57,12-28-2018,USD,Client 2,
US5007541064,Fund 159,Fund 159,Purchase,1944,,,45.33,1-7-2019,USD,Client 2,
US5007541064,Fund 159,Fund 159,Purchase,696,,,46.84,1-16-2019,USD,Client 2,
US5007541064,Fund 159,Fund 159,Sale,,1597,,46.75,1-30-2019,USD,Client 2,
US5007541064,Fund 159,Fund 159,Purchase,3573,,,32.090000000000003,3-15-2019,USD,Client 2,
US5007541064,Fund 159,Fund 159,Purchase,3070,,,28.68,5-29-2019,USD,Client 2,
US5007541064,Fund 159,Fund 159,End Holdings,,,19702,,11-5-2019,USD,Client 2,
US5007541064,Fund 160,Fund 160,Beginning Holdings,,,74097,,11-5-2015,USD,Client 2,Assumed Beginning holdings
US5007541064,Fund 160,Fund 160,Sale,,4856,,85.69,7-19-2017,USD,Client 2,
US5007541064,Fund 160,Fund 160,Sale,,3936,,86.67,8-1-2017,USD,Client 2,
US5007541064,Fund 160,Fund 160,Sale,,5447,,86.5,8-16-2017,USD,Client 2,
US5007541064,Fund 160,Fund 160,Sale,,28632,,77.52,9-22-2017,USD,Client 2,
US5007541064,Fund 160,Fund 160,Sale,,31226,,78.516999999999996,10-12-2017,USD,Client 2,
US5007541064,Fund 160,Fund 160,End Holdings,,,0,,11-5-2019,USD,Client 2,
